{"cameraMode":{"drawMode":0,"name":"Shaded","section":"Shading Mode"},"sceneLighting":true,"audioPlay":false,"sceneViewState":{"showFog":true,"showMaterialUpdate":false,"showSkybox":true,"showFlares":true,"showImageEffects":true,"showParticleSystems":true},"in2DMode":false,"pivot":{"x":-0.1387786865234375,"y":4.841341495513916,"z":0.21503865718841554},"rotation":{"x":0.11780212819576264,"y":0.6566933989524841,"z":-0.10491800308227539,"w":0.7374928593635559},"size":120.42234802246094,"orthographic":false}