{"cameraMode":{"drawMode":0,"name":"Shaded","section":"Shading Mode"},"sceneLighting":true,"audioPlay":false,"sceneViewState":{"showFog":true,"showMaterialUpdate":false,"showSkybox":true,"showFlares":true,"showImageEffects":true,"showParticleSystems":true},"in2DMode":false,"pivot":{"x":-28.045392990112306,"y":-5.170291423797607,"z":0.12628936767578126},"rotation":{"x":0.2602890431880951,"y":0.46936991810798647,"z":-0.14709535241127015,"w":0.8308916687965393},"size":1.4304454326629639,"orthographic":false}