{"cameraMode":{"drawMode":0,"name":"Shaded","section":"Shading Mode"},"sceneLighting":true,"audioPlay":false,"sceneViewState":{"showFog":true,"showMaterialUpdate":false,"showSkybox":true,"showFlares":true,"showImageEffects":true,"showParticleSystems":true},"in2DMode":false,"pivot":{"x":0.7700309753417969,"y":0.8218972682952881,"z":1.2447268962860108},"rotation":{"x":-0.03162342682480812,"y":0.7714331746101379,"z":-0.03845665976405144,"w":-0.6343598961830139},"size":5.5924482345581059,"orthographic":false}